{"kl_div":0.011766480074988471,"_runtime":1172,"policy_loss":-0.12474951479170057,"_step":499,"_wandb":{"runtime":1172},"value_loss":130.16360982259116,"entropy":-1.7213255405426025,"_timestamp":1.759295567890924e+09,"reward":4013.505477758013}