{"reward":2955.5655961746706,"cumulative_steps":991000,"kl_div":0.01271777076064609,"value_loss":898.0605963516235,"_runtime":258.262883208,"_timestamp":1.763433828240988e+09,"policy_loss":0.01282027542591095,"entropy":-0.5441883683204651,"episode":990,"_wandb":{"runtime":258},"_step":991000}