{"_wandb":{"runtime":275},"_runtime":275,"_timestamp":1.7634311755781581e+09,"_step":99,"policy_loss":0.01282027542591095,"entropy":-0.5441883683204651,"value_loss":898.0605963516235,"kl_div":0.01271777076064609,"reward":2955.5655961746706}