{"_runtime":72,"steps":211000,"policy_loss":0.00437140203767309,"_wandb":{"runtime":72},"value_loss":76.88686168821235,"entropy":0.66239413022995,"kl_div":0.011032900739289624,"_timestamp":1.7634316337334201e+09,"_step":21,"reward":661.5534848453888}