{"_step":5,"_runtime":23,"reward":-564.8694511267147,"kl_div":0.010996540090420866,"policy_loss":-0.1364025291086746,"value_loss":78.89249372081596,"_wandb":{"runtime":23},"_timestamp":1.763430841975577e+09,"entropy":1.2577461123466491}