{"acc":0.7446417957786098,"loss":0.1892769386168304,"_wandb":{"runtime":0},"_runtime":0,"_timestamp":1.759294164502833e+09,"_step":7}