{"_runtime":474.8805405,"kl_div":0.008752989239292219,"entropy":-1.0979979753494262,"episode":1990,"reward":3546.3310000545266,"_timestamp":1.763432352403169e+09,"value_loss":57.47838802337647,"_wandb":{"runtime":474},"policy_loss":-0.15354398488998414,"cumulative_steps":1991000,"_step":1991000}